Loan_ID,Gender,Married,Dependents,Education,Self_Employed,ApplicantIncome,CoapplicantIncome,LoanAmount,Loan_Amount_Term,Credit_History,Property_Area,Loan_Status
LP001002,Male,No,0,Graduate,No,5849,0.0,,360.0,1.0,Urban,Y
LP001003,Male,Yes,1,Graduate,No,4583,1508.0,128.0,360.0,1.0,Rural,N
LP001005,Male,Yes,0,Graduate,Yes,3000,0.0,66.0,360.0,1.0,Urban,Y
LP001006,Male,Yes,0,Not Graduate,No,2583,2358.0,120.0,360.0,1.0,Urban,Y
LP001008,Male,No,0,Graduate,No,6000,0.0,141.0,360.0,1.0,Urban,Y
LP001007,Female,Yes,1,Graduate,No,1422,1619.0,104.7,180.0,,Rural,Y
LP001008,Male,Yes,0,Graduate,Yes,4253,2864.0,143.3,360.0,1.0,Urban,Y
LP001009,Male,Yes,0,Not Graduate,No,3802,0.0,197.2,360.0,1.0,Urban,Y
LP001010,Male,No,0,Not Graduate,No,3832,0.0,98.7,360.0,1.0,Rural,Y
LP001011,Female,Yes,0,Graduate,No,7460,147.0,62.7,,1.0,Rural,Y
LP001012,Female,Yes,0,Graduate,No,1467,253.0,215.1,360.0,1.0,Urban,Y
LP001013,Female,Yes,0,Graduate,No,7383,1038.0,63.3,360.0,1.0,Semiurban,Y
LP001014,Male,Yes,3+,Not Graduate,No,2361,0.0,173.0,360.0,0.0,Urban,N
LP001015,Male,Yes,0,Graduate,No,2960,0.0,123.9,300.0,1.0,Semiurban,Y
LP001016,Male,No,0,Graduate,No,2237,0.0,81.0,360.0,1.0,Semiurban,Y
LP001018,Male,Yes,1,Graduate,Yes,4057,1226.0,271.8,360.0,1.0,Rural,Y
LP001020,,No,,Not Graduate,Yes,1109,0.0,,360.0,1.0,Semiurban,Y
LP001022,Male,Yes,0,Graduate,No,2645,0.0,176.9,360.0,1.0,Urban,Y
LP001023,Male,Yes,3+,Graduate,No,2737,0.0,164.5,360.0,1.0,Urban,Y
LP001024,Male,Yes,0,Graduate,No,8704,1354.0,167.7,240.0,,Rural,Y
LP001025,Male,No,0,Graduate,No,4221,0.0,77.4,360.0,1.0,Semiurban,Y
LP001026,Female,Yes,0,Graduate,No,6015,4117.0,96.8,360.0,1.0,Semiurban,Y
LP001027,Male,No,0,Graduate,No,3842,0.0,,300.0,1.0,Semiurban,Y
LP001028,Male,Yes,0,Graduate,No,1935,0.0,,360.0,,Semiurban,Y
LP001029,Male,Yes,0,Graduate,No,6902,1467.0,278.5,360.0,1.0,Semiurban,Y
LP001030,Male,No,2,Graduate,No,2209,0.0,106.3,360.0,1.0,Semiurban,Y
LP001031,Female,Yes,3+,Graduate,No,2718,0.0,147.8,360.0,1.0,Semiurban,Y
LP001032,Female,Yes,0,Not Graduate,No,4308,255.0,98.3,120.0,,Semiurban,Y
LP001033,Female,Yes,2,Graduate,,7076,1750.0,101.5,360.0,1.0,Urban,Y
LP001034,Male,No,1,Graduate,Yes,3357,0.0,108.8,360.0,1.0,Semiurban,Y
LP001035,Male,No,0,Graduate,No,10217,0.0,60.0,360.0,1.0,Semiurban,Y
LP001036,Male,No,0,Not Graduate,No,2640,0.0,238.3,360.0,,Urban,N
LP001037,Male,Yes,0,Graduate,,5899,0.0,130.0,360.0,1.0,Urban,Y
LP001038,Male,No,0,Graduate,No,3836,0.0,218.1,360.0,1.0,Urban,Y
LP001039,Female,Yes,0,Graduate,No,10460,0.0,153.0,360.0,1.0,Urban,Y
LP001041,Male,Yes,0,Graduate,No,4400,457.0,85.0,360.0,,Semiurban,Y
LP001042,Male,No,1,Not Graduate,No,1129,0.0,110.2,360.0,0.0,Urban,N
LP001043,Male,No,0,Graduate,No,7765,0.0,56.2,480.0,1.0,Urban,Y
LP001044,Male,No,2,Graduate,No,3630,0.0,197.9,360.0,1.0,Urban,Y
LP001045,Male,Yes,0,Graduate,No,2671,0.0,140.2,120.0,1.0,Urban,N
LP001046,Female,No,0,Graduate,,8475,0.0,86.0,360.0,1.0,Urban,Y
LP001047,Male,Yes,0,Graduate,No,3086,1356.0,58.6,360.0,1.0,Urban,Y
LP001048,Male,Yes,3+,Graduate,No,5653,1508.0,96.0,84.0,1.0,Semiurban,Y
LP001049,Male,Yes,0,Graduate,No,2322,1452.0,72.5,180.0,1.0,Urban,Y
LP001051,Male,No,0,Not Graduate,No,2222,0.0,140.0,360.0,,Urban,N
LP001052,Female,Yes,2,Graduate,No,12417,3237.0,74.6,360.0,,Semiurban,Y
LP001053,Male,No,0,Graduate,Yes,2294,0.0,386.7,360.0,1.0,Urban,Y
LP001054,Female,No,1,Graduate,No,2617,0.0,219.7,360.0,1.0,Urban,Y
LP001055,Male,No,2,Not Graduate,No,1260,0.0,107.0,360.0,,Urban,Y
LP001056,Male,Yes,1,Graduate,No,11042,1867.0,59.3,360.0,1.0,Semiurban,Y
LP001057,Male,No,3+,Graduate,No,4957,0.0,,360.0,1.0,Semiurban,Y
LP001058,Male,Yes,1,Graduate,,4467,0.0,46.1,360.0,1.0,Semiurban,Y
LP001059,Male,Yes,0,Graduate,Yes,7214,0.0,228.6,60.0,0.0,Urban,N
LP001060,Male,No,0,Graduate,No,1613,0.0,198.2,360.0,0.0,Rural,N
LP001061,Male,Yes,1,Graduate,No,2692,1420.0,280.8,,0.0,Urban,N
LP001062,Male,Yes,2,Graduate,No,3606,442.0,97.0,360.0,0.0,Semiurban,N
LP001063,Male,Yes,0,Graduate,No,1398,1852.0,199.7,360.0,0.0,Urban,N
LP001064,Male,No,1,Not Graduate,No,8977,0.0,271.4,360.0,,Semiurban,Y
LP001065,Male,Yes,2,Not Graduate,Yes,3782,1835.0,103.5,360.0,0.0,Urban,N
LP001066,Male,Yes,2,Graduate,No,3102,1815.0,88.3,360.0,1.0,Rural,Y
LP001067,Female,Yes,0,Graduate,No,4462,1962.0,266.3,360.0,1.0,Urban,Y
LP001068,Male,Yes,0,Graduate,No,2346,704.0,140.8,360.0,1.0,Semiurban,Y
LP001069,Male,Yes,0,Graduate,No,3941,5571.0,163.3,360.0,1.0,Urban,Y
LP001070,Male,No,1,Graduate,No,35521,0.0,124.4,360.0,1.0,Urban,Y
LP001071,Male,No,3+,Graduate,No,5670,0.0,67.2,360.0,1.0,Rural,Y
LP001072,Male,Yes,1,Graduate,No,11320,0.0,234.0,360.0,1.0,Semiurban,Y
LP001073,Male,Yes,2,Not Graduate,No,3038,0.0,44.5,360.0,0.0,Rural,N
LP001074,Male,No,1,Not Graduate,No,2348,0.0,221.2,360.0,1.0,Urban,Y
LP001076,Male,No,0,Graduate,No,4681,0.0,112.4,360.0,1.0,Rural,Y
LP001077,Male,Yes,0,Graduate,Yes,1600,771.0,118.0,360.0,1.0,Rural,Y
LP001079,Male,No,0,Not Graduate,Yes,854,0.0,98.3,240.0,0.0,Semiurban,N
LP001080,Male,Yes,0,Graduate,No,6158,0.0,172.3,360.0,1.0,Rural,Y
LP001081,Male,No,0,Graduate,No,5807,0.0,161.8,360.0,1.0,Urban,Y
LP001082,Male,Yes,0,Graduate,No,6581,0.0,306.2,360.0,1.0,Urban,Y
LP001083,Female,Yes,1,Graduate,No,3898,1756.0,118.2,360.0,0.0,Rural,N
LP001084,Male,No,1,Graduate,No,13848,0.0,118.3,240.0,1.0,Rural,N
LP001086,Female,No,0,Graduate,No,3616,0.0,108.0,360.0,,Urban,Y
LP001087,Male,No,0,Graduate,No,2670,0.0,137.7,360.0,1.0,Rural,Y
LP001088,,Yes,0,Not Graduate,No,542,4849.0,102.7,360.0,1.0,Urban,Y
LP001089,Male,Yes,1,Not Graduate,No,3712,1717.0,240.4,360.0,1.0,Rural,Y
LP001090,Male,No,0,Graduate,No,6572,0.0,269.4,360.0,1.0,Rural,Y
LP001091,Male,No,0,Graduate,No,3844,0.0,47.0,360.0,1.0,Rural,Y
LP001092,Male,No,3+,Not Graduate,No,7948,0.0,65.8,360.0,1.0,Semiurban,Y
LP001094,Male,Yes,,Graduate,No,17011,1763.0,75.9,360.0,1.0,Urban,Y
LP001095,Male,Yes,0,Graduate,No,3419,2252.0,185.1,360.0,1.0,Urban,Y
LP001096,Female,Yes,,Graduate,No,8521,5650.0,,360.0,1.0,Semiurban,Y
LP001097,Male,No,3+,Graduate,No,1365,0.0,174.6,360.0,1.0,Semiurban,Y
LP001098,Male,No,0,Not Graduate,No,7482,0.0,269.6,360.0,0.0,Semiurban,N
LP001100,Male,No,0,Graduate,No,3988,0.0,196.1,,1.0,Urban,Y
LP001101,Male,No,0,Graduate,No,3314,0.0,74.9,360.0,1.0,Semiurban,Y
LP001102,Male,No,0,Not Graduate,No,3441,0.0,69.0,360.0,1.0,Semiurban,Y
LP001103,Male,No,2,Graduate,No,3457,0.0,31.7,360.0,1.0,Urban,Y
LP001104,Male,Yes,0,Graduate,No,3131,0.0,169.0,360.0,1.0,Semiurban,Y
LP001105,Male,Yes,2,Not Graduate,,4355,1127.0,67.0,360.0,1.0,Urban,Y
LP001106,Male,Yes,0,Graduate,No,3417,0.0,133.3,360.0,1.0,Semiurban,Y
LP001107,Female,Yes,0,Not Graduate,No,1805,0.0,147.3,360.0,0.0,Urban,N
LP001108,Male,No,1,Not Graduate,No,5019,0.0,65.1,360.0,1.0,Rural,Y
LP001109,Male,No,0,Not Graduate,No,2578,0.0,214.9,360.0,1.0,Urban,Y
LP001111,Male,No,1,Graduate,No,7564,0.0,75.3,360.0,1.0,Semiurban,Y
LP001112,Male,Yes,3+,Graduate,No,3744,0.0,95.1,360.0,1.0,Urban,Y
LP001114,Male,Yes,0,Not Graduate,No,4157,0.0,69.6,360.0,1.0,Semiurban,Y
LP001115,Male,No,1,Graduate,,1010,0.0,133.8,360.0,1.0,Urban,Y
LP001116,,Yes,1,Graduate,No,1691,0.0,91.6,300.0,1.0,Rural,Y
LP001117,Male,Yes,0,Graduate,No,7049,0.0,434.0,360.0,1.0,Semiurban,Y
LP001118,Male,No,0,Graduate,No,2375,0.0,92.7,360.0,1.0,Semiurban,Y
LP001119,Male,Yes,0,Not Graduate,No,2707,0.0,143.9,360.0,1.0,Urban,N
LP001120,Male,No,0,Graduate,No,3194,0.0,112.3,180.0,0.0,Rural,N
LP001121,Female,Yes,3+,Graduate,No,9287,4304.0,208.5,360.0,1.0,Rural,Y
LP001122,Male,No,1,Graduate,No,4881,0.0,130.6,360.0,1.0,Urban,Y
LP001123,Female,Yes,1,Graduate,No,8970,0.0,60.1,360.0,1.0,Rural,Y
LP001124,Male,Yes,0,Graduate,Yes,3216,1535.0,144.8,360.0,,Urban,Y
LP001125,Female,Yes,1,Graduate,,4396,0.0,164.5,360.0,1.0,Semiurban,Y
LP001126,Male,Yes,0,Graduate,No,1750,2364.0,66.2,300.0,1.0,Semiurban,Y
LP001127,Female,Yes,2,Graduate,No,8231,0.0,75.0,360.0,1.0,Rural,Y
LP001128,Male,No,2,Graduate,,4107,0.0,92.1,360.0,1.0,Semiurban,Y
LP001129,Male,No,3+,Not Graduate,No,3939,0.0,149.3,360.0,1.0,Urban,Y
LP001130,Male,No,0,Not Graduate,Yes,4769,0.0,107.9,180.0,1.0,Urban,Y
LP001131,Male,No,0,Graduate,No,9802,0.0,,360.0,1.0,Rural,Y
LP001132,Male,Yes,0,Not Graduate,Yes,3329,695.0,87.1,360.0,1.0,Urban,Y
LP001133,Male,Yes,3+,Graduate,Yes,11282,0.0,237.8,360.0,1.0,Urban,Y
LP001134,Male,Yes,2,Graduate,No,2200,528.0,182.2,360.0,1.0,Rural,Y
LP001135,Male,No,0,Graduate,No,5036,0.0,184.3,240.0,1.0,Urban,Y
LP001136,Male,Yes,0,Graduate,No,14129,289.0,126.5,360.0,1.0,Urban,Y
LP001137,Male,Yes,0,Graduate,No,2783,0.0,412.3,120.0,1.0,Urban,Y
LP001138,Male,Yes,0,Graduate,No,4489,1901.0,125.7,360.0,1.0,Urban,Y
LP001139,Male,No,0,Not Graduate,No,6770,0.0,115.3,360.0,1.0,Rural,Y
LP001140,Male,Yes,3+,Graduate,No,3499,0.0,101.5,360.0,1.0,Semiurban,Y
LP001142,Female,Yes,0,Not Graduate,No,1443,0.0,105.5,360.0,1.0,Semiurban,Y
LP001143,Male,Yes,3+,Graduate,No,1926,858.0,197.3,360.0,0.0,Rural,N
LP001144,Male,Yes,0,Not Graduate,No,5583,639.0,43.2,480.0,1.0,Semiurban,Y
LP001145,Male,No,0,Graduate,,6832,0.0,69.5,12.0,1.0,Urban,Y
LP001146,Male,No,0,Graduate,No,6373,0.0,273.8,360.0,1.0,Urban,Y
LP001147,Female,No,0,Graduate,No,8064,0.0,86.4,360.0,,Rural,Y
LP001148,Male,No,0,Graduate,No,4010,0.0,71.7,360.0,1.0,Urban,Y
LP001149,Female,Yes,0,Graduate,,4382,741.0,119.3,360.0,1.0,Semiurban,Y
LP001150,Male,Yes,1,Graduate,Yes,1426,0.0,87.7,360.0,0.0,Semiurban,N
LP001151,Male,Yes,1,Graduate,No,4704,407.0,152.2,360.0,0.0,Urban,Y
LP001152,Male,No,0,Not Graduate,No,5700,0.0,69.1,360.0,1.0,Semiurban,Y
LP001153,Female,No,3+,Graduate,,2619,0.0,288.5,360.0,1.0,Semiurban,Y
LP001154,Male,Yes,1,Graduate,No,5817,1168.0,65.1,360.0,1.0,Semiurban,Y
LP001155,Male,No,0,Graduate,No,1175,0.0,124.6,180.0,1.0,Urban,Y
LP001156,Female,No,1,Graduate,No,6236,0.0,134.2,360.0,1.0,Semiurban,Y
LP001157,Male,Yes,1,Not Graduate,Yes,4652,1323.0,148.5,360.0,1.0,Urban,Y
LP001158,Male,No,0,Graduate,No,15091,0.0,126.2,360.0,1.0,Semiurban,Y
LP001159,Male,No,0,Graduate,No,9590,0.0,129.9,360.0,1.0,Semiurban,Y
LP001160,Male,Yes,0,Graduate,No,10193,0.0,125.6,360.0,1.0,Rural,Y
LP001161,Female,Yes,1,Not Graduate,No,6511,990.0,260.3,360.0,1.0,Semiurban,Y
LP001162,Male,No,2,Graduate,No,5827,0.0,121.9,360.0,1.0,Semiurban,Y
LP001163,Male,Yes,0,Graduate,No,1775,0.0,217.2,360.0,0.0,Semiurban,N
LP001164,Male,Yes,2,Graduate,Yes,3078,0.0,88.4,480.0,1.0,Urban,Y
LP001165,Female,Yes,0,Graduate,Yes,12548,3698.0,130.2,360.0,1.0,Semiurban,Y
LP001166,Female,Yes,,Not Graduate,No,1485,6089.0,121.6,300.0,1.0,Urban,Y
LP001167,Female,No,0,Graduate,No,2856,0.0,221.5,360.0,1.0,Semiurban,Y
LP001168,Male,Yes,2,Graduate,No,1521,1895.0,95.5,360.0,1.0,Semiurban,Y
LP001169,Female,No,1,Not Graduate,No,9829,0.0,90.3,360.0,1.0,Rural,Y
LP001170,Male,Yes,0,Not Graduate,,2649,844.0,120.0,,1.0,Urban,Y
LP001171,Male,Yes,1,Graduate,No,10445,0.0,128.9,360.0,1.0,Semiurban,Y
LP001172,Male,Yes,0,Graduate,No,2925,0.0,,360.0,1.0,Urban,Y
LP001173,Male,Yes,2,Not Graduate,No,2758,1775.0,82.7,120.0,1.0,Rural,Y
LP001174,Male,Yes,0,Graduate,No,8787,1319.0,234.7,360.0,1.0,Rural,Y
LP001176,Female,Yes,0,Graduate,No,7046,2306.0,113.9,360.0,1.0,Rural,Y
LP001177,Male,Yes,0,Graduate,No,654,553.0,114.7,360.0,1.0,Urban,Y
LP001178,Male,Yes,1,Not Graduate,No,5131,1078.0,176.3,360.0,0.0,Semiurban,N
LP001179,Male,Yes,0,Graduate,No,5653,0.0,173.6,360.0,1.0,Urban,Y
LP001180,Male,Yes,,Graduate,Yes,4386,0.0,327.6,360.0,,Urban,N
LP001181,Female,No,0,Graduate,No,2496,0.0,182.1,360.0,1.0,Rural,Y
LP001182,Male,No,0,Not Graduate,No,3898,0.0,103.2,180.0,1.0,Urban,Y
LP001184,Male,Yes,0,Not Graduate,,2955,1696.0,134.2,360.0,0.0,Semiurban,N
LP001185,Female,Yes,0,Graduate,No,4391,2216.0,196.4,360.0,1.0,Semiurban,Y
LP001186,Female,No,0,Not Graduate,No,3355,0.0,217.0,360.0,,Urban,Y
LP001187,Male,No,0,Not Graduate,Yes,2554,0.0,80.8,360.0,1.0,Semiurban,Y
LP001188,Male,No,0,Graduate,Yes,4257,0.0,185.9,360.0,1.0,Urban,Y
LP001190,,Yes,0,Graduate,No,6448,2072.0,332.5,180.0,,Urban,Y
LP001191,Male,Yes,0,Graduate,No,4618,4041.0,118.9,360.0,,Rural,Y
LP001193,Male,Yes,0,Not Graduate,No,2670,957.0,131.1,360.0,1.0,Semiurban,Y
LP001194,Male,Yes,1,Graduate,No,4762,3117.0,79.8,60.0,1.0,Rural,Y
LP001195,Male,No,0,Graduate,No,7672,0.0,74.2,360.0,1.0,Semiurban,Y
LP001196,Male,No,3+,Graduate,No,10796,0.0,131.1,180.0,1.0,Semiurban,Y
LP001197,Male,Yes,0,Graduate,No,8390,3886.0,197.9,360.0,0.0,Urban,Y
LP001198,Male,Yes,0,Graduate,Yes,5427,0.0,111.2,360.0,0.0,Urban,N
LP001200,Female,No,0,Graduate,No,1986,0.0,234.2,360.0,1.0,Urban,Y
LP001201,Female,Yes,1,Graduate,Yes,1575,1423.0,210.8,60.0,1.0,Semiurban,Y
LP001202,Male,Yes,2,Graduate,No,3355,1317.0,107.3,360.0,0.0,Rural,N
LP001203,Male,No,0,Graduate,,1531,0.0,191.9,360.0,1.0,Semiurban,Y
LP001204,Male,Yes,0,Graduate,No,2298,369.0,121.7,360.0,1.0,Rural,Y
LP001205,Male,Yes,0,Not Graduate,No,3426,2644.0,136.9,360.0,1.0,Urban,Y
LP001206,Male,Yes,2,Not Graduate,No,2794,1264.0,230.2,360.0,1.0,Semiurban,Y
LP001207,Male,Yes,0,Graduate,No,3092,505.0,474.6,360.0,1.0,Rural,Y
LP001208,Male,Yes,0,Graduate,No,1614,3555.0,62.2,360.0,1.0,Urban,Y
LP001209,Male,Yes,3+,Graduate,No,4449,749.0,109.4,84.0,,Urban,Y
LP001210,Male,Yes,0,Graduate,No,7315,3253.0,241.0,360.0,1.0,Semiurban,Y
LP001211,Male,No,0,Graduate,,2680,0.0,114.5,360.0,1.0,Rural,Y
LP001212,Female,Yes,2,Graduate,No,6134,3523.0,103.8,360.0,0.0,Urban,N
LP001213,Male,Yes,2,Graduate,No,21606,7473.0,315.4,360.0,1.0,Urban,Y
LP001214,Female,Yes,2,Not Graduate,No,3605,456.0,126.2,360.0,1.0,Semiurban,Y
LP001215,Male,Yes,,Graduate,No,5844,1334.0,197.8,360.0,1.0,Semiurban,Y
LP001216,Male,Yes,3+,Graduate,Yes,4349,0.0,110.6,360.0,1.0,Semiurban,Y
LP001217,Male,Yes,0,Graduate,Yes,7188,2046.0,57.0,360.0,1.0,Semiurban,Y
LP001218,Male,No,1,Not Graduate,No,1252,0.0,99.4,360.0,1.0,Rural,Y
LP001220,Female,No,0,Graduate,No,1925,0.0,187.2,360.0,1.0,Rural,Y
LP001221,Male,Yes,0,Graduate,No,4201,870.0,144.4,360.0,,Rural,Y
LP001222,Male,No,1,Graduate,No,6812,0.0,85.4,360.0,1.0,Semiurban,Y
LP001223,Male,Yes,0,Not Graduate,No,4166,924.0,389.1,360.0,1.0,Semiurban,Y
LP001224,Male,Yes,3+,Graduate,No,1297,0.0,138.7,360.0,1.0,Semiurban,Y
LP001225,Male,Yes,1,Graduate,No,2240,887.0,76.9,360.0,1.0,Urban,Y
LP001227,Male,Yes,0,Graduate,No,2283,479.0,259.5,36.0,0.0,Urban,N
LP001229,Male,Yes,2,Graduate,No,4928,4127.0,211.8,360.0,1.0,Urban,Y
LP001230,Male,No,0,Graduate,No,2332,0.0,96.9,60.0,1.0,Semiurban,Y
LP001231,Male,Yes,3+,Graduate,No,2458,1142.0,184.3,360.0,1.0,Rural,Y
LP001232,Male,No,0,Graduate,No,7747,0.0,198.1,360.0,0.0,Semiurban,N
LP001233,Male,No,3+,Graduate,Yes,9117,0.0,166.5,360.0,1.0,Semiurban,Y
LP001234,Female,No,0,Graduate,Yes,2925,0.0,139.6,180.0,,Urban,Y
LP001235,Male,Yes,2,Not Graduate,No,5045,1053.0,51.1,360.0,1.0,Urban,Y
LP001236,Female,Yes,0,Graduate,Yes,1126,0.0,109.8,360.0,1.0,Urban,Y
LP001237,Male,Yes,0,Graduate,No,4354,360.0,126.7,360.0,1.0,Rural,Y
LP001239,Male,No,2,Not Graduate,No,8295,0.0,95.7,180.0,1.0,Urban,Y
LP001240,Male,Yes,0,Graduate,No,5390,13058.0,107.9,360.0,1.0,Semiurban,Y
LP001241,Male,Yes,0,Not Graduate,No,4087,0.0,189.0,360.0,1.0,Urban,Y
LP001242,Male,No,0,Not Graduate,No,2973,0.0,100.1,360.0,1.0,Urban,Y
LP001243,Male,No,0,Not Graduate,No,2513,0.0,53.0,180.0,1.0,Urban,Y
LP001244,Male,Yes,0,Not Graduate,No,3407,2163.0,93.5,360.0,1.0,Urban,Y
LP001245,Male,No,1,Graduate,Yes,1396,0.0,98.1,360.0,0.0,Urban,N
LP001246,Female,No,2,Graduate,No,10903,0.0,119.6,360.0,,Semiurban,Y
LP001247,Male,Yes,0,Graduate,No,5523,861.0,68.0,360.0,0.0,Urban,N
LP001248,Male,No,0,Graduate,No,3581,0.0,110.5,360.0,1.0,Rural,Y
LP001249,Male,No,0,Not Graduate,No,2558,0.0,,360.0,1.0,Urban,Y
LP001250,Male,Yes,2,Graduate,No,3656,1769.0,197.0,360.0,1.0,Urban,Y
LP001251,Male,Yes,1,Graduate,No,6428,0.0,117.6,360.0,1.0,Semiurban,Y
LP001252,Male,Yes,0,Not Graduate,No,7386,1052.0,174.2,360.0,1.0,Semiurban,Y
LP001253,Female,Yes,0,Not Graduate,No,2127,1236.0,150.9,360.0,1.0,Urban,Y
LP001254,Male,No,1,Graduate,No,2032,0.0,66.0,300.0,1.0,Semiurban,Y
LP001255,Female,Yes,0,Graduate,Yes,14777,0.0,,360.0,1.0,Urban,Y
LP001256,Male,No,0,Graduate,No,8012,0.0,315.8,360.0,1.0,Semiurban,Y
LP001257,Male,No,0,Graduate,No,6066,0.0,55.5,360.0,1.0,Urban,Y
LP001259,Male,Yes,1,Graduate,,3497,0.0,215.4,360.0,1.0,Semiurban,Y
LP001260,Male,No,0,Graduate,No,6978,0.0,137.3,360.0,1.0,Semiurban,Y
LP001261,Female,No,1,Graduate,No,1673,0.0,58.5,360.0,0.0,Urban,N
LP001262,Male,No,2,Graduate,No,10359,0.0,176.6,360.0,1.0,Semiurban,Y
LP001263,Male,Yes,0,Graduate,No,3739,3426.0,221.8,360.0,1.0,Urban,Y
LP001264,Male,Yes,0,Graduate,No,6400,3452.0,126.2,360.0,0.0,Urban,N
LP001265,Female,No,2,Graduate,No,5825,0.0,153.4,360.0,1.0,Urban,Y
LP001266,Male,No,1,Graduate,No,3513,0.0,342.4,360.0,1.0,Rural,Y
LP001267,Male,Yes,2,Graduate,No,3415,1428.0,94.5,360.0,1.0,Semiurban,Y
LP001268,Male,Yes,1,Graduate,No,8467,1132.0,343.4,120.0,1.0,Semiurban,Y
LP001269,Male,Yes,3+,Graduate,,7459,0.0,311.1,360.0,1.0,Urban,Y
LP001270,Male,No,0,Graduate,No,1209,0.0,64.6,360.0,1.0,Urban,Y
LP001271,Female,Yes,1,Graduate,No,1274,780.0,139.1,360.0,1.0,Urban,Y
LP001272,Female,Yes,0,Graduate,No,2069,0.0,135.0,360.0,1.0,Semiurban,Y
LP001273,Male,Yes,0,Not Graduate,Yes,2141,0.0,258.7,60.0,1.0,Semiurban,Y
LP001274,Male,Yes,0,Graduate,No,1850,876.0,242.2,360.0,1.0,Semiurban,Y
LP001275,Male,No,0,Graduate,No,4568,0.0,290.1,360.0,1.0,Rural,Y
LP001276,Female,No,3+,Graduate,No,2831,0.0,55.2,300.0,,Urban,Y
LP001277,Male,Yes,0,Graduate,No,8383,676.0,270.4,240.0,1.0,Urban,Y
LP001278,Male,Yes,0,Graduate,No,9841,346.0,176.1,360.0,1.0,Semiurban,Y
LP001279,Female,Yes,1,Graduate,No,3756,0.0,49.2,360.0,1.0,Urban,Y
LP001280,Male,No,0,Not Graduate,No,11432,0.0,261.4,120.0,0.0,Urban,N
LP001282,Female,No,0,Graduate,No,3888,0.0,72.5,300.0,0.0,Rural,N
LP001283,Male,No,2,Graduate,No,2885,0.0,196.3,360.0,1.0,Rural,Y
LP001284,Male,Yes,0,Graduate,No,3992,2315.0,95.5,360.0,,Urban,Y
LP001285,Male,No,0,Graduate,No,7073,0.0,,360.0,1.0,Urban,Y
LP001286,Male,Yes,1,Graduate,No,1340,2343.0,164.9,360.0,0.0,Semiurban,N
LP001287,Male,Yes,0,Graduate,No,3342,0.0,116.6,360.0,,Rural,Y
LP001288,Male,Yes,3+,Graduate,,4643,897.0,60.4,360.0,1.0,Urban,Y
LP001290,Male,No,1,Graduate,No,4846,0.0,153.3,360.0,1.0,Urban,Y
LP001291,Female,Yes,2,Graduate,No,3012,2978.0,70.8,360.0,1.0,Urban,Y
LP001292,Male,No,3+,Graduate,No,5259,0.0,173.9,360.0,1.0,Semiurban,Y
LP001293,Male,No,0,Not Graduate,No,4627,0.0,67.1,120.0,1.0,Semiurban,Y
LP001294,Male,Yes,0,Graduate,No,2605,0.0,140.3,480.0,1.0,Rural,Y
LP001295,Male,Yes,0,Graduate,No,15804,4785.0,158.1,360.0,,Urban,Y
LP001297,Male,,0,Graduate,Yes,5093,1503.0,378.9,120.0,0.0,Semiurban,N
LP001298,Male,Yes,0,Graduate,No,3086,0.0,46.7,480.0,1.0,Semiurban,Y
LP001299,Male,Yes,0,Not Graduate,No,2639,8194.0,154.1,360.0,1.0,Semiurban,Y
LP001300,Male,Yes,2,Graduate,No,7473,545.0,66.8,360.0,1.0,Urban,Y
LP001301,Male,No,0,Graduate,No,4090,0.0,167.9,60.0,0.0,Urban,N
LP001302,Male,Yes,1,Graduate,No,20055,426.0,122.8,360.0,,Semiurban,Y
LP001303,Female,Yes,2,Graduate,No,2883,0.0,195.9,360.0,1.0,Urban,Y
LP001304,Male,No,0,Graduate,No,1706,0.0,276.0,360.0,1.0,Rural,Y
LP001305,Male,No,0,Graduate,No,3759,0.0,109.0,36.0,1.0,Semiurban,Y
LP001306,Male,No,1,Not Graduate,No,4288,0.0,129.4,360.0,1.0,Urban,Y
LP001307,Male,Yes,0,Graduate,No,965,4561.0,210.4,84.0,1.0,Semiurban,Y
LP001308,Male,No,0,Graduate,Yes,3130,0.0,98.5,360.0,1.0,Urban,Y
LP001309,Male,Yes,0,Graduate,No,3012,4430.0,161.4,360.0,1.0,Rural,Y
LP001310,Female,Yes,3+,Graduate,,3011,2856.0,203.3,84.0,,Semiurban,Y
LP001311,Male,Yes,0,Graduate,,2541,0.0,73.7,180.0,1.0,Urban,Y
LP001313,Male,Yes,0,Graduate,Yes,1598,701.0,58.1,360.0,1.0,Urban,Y
LP001314,Male,Yes,3+,Graduate,No,6264,0.0,143.0,360.0,1.0,Rural,Y
LP001315,Male,No,1,Not Graduate,No,2618,0.0,207.4,360.0,1.0,Urban,N
LP001316,,Yes,0,Graduate,No,1967,1198.0,58.7,360.0,1.0,Rural,Y
LP001317,Male,No,0,Graduate,No,2335,0.0,169.1,360.0,1.0,Semiurban,Y
LP001318,Male,No,2,Graduate,No,2815,0.0,107.4,360.0,1.0,Semiurban,Y
LP001319,Female,Yes,1,Not Graduate,No,4107,679.0,119.0,,1.0,Urban,Y
LP001320,Female,No,3+,Graduate,No,5910,0.0,225.2,360.0,1.0,Rural,Y
LP001321,Male,Yes,0,Graduate,No,2059,0.0,140.4,360.0,1.0,Semiurban,Y
LP001322,Male,No,0,Not Graduate,No,2803,0.0,82.8,360.0,,Semiurban,Y
LP001323,Male,Yes,1,Graduate,No,1596,0.0,129.5,360.0,0.0,Urban,N
LP001324,Male,No,0,Graduate,No,421,0.0,115.1,360.0,1.0,Urban,Y
LP001325,Female,No,0,Graduate,No,4235,0.0,112.3,360.0,1.0,Semiurban,Y
LP001327,Male,No,0,Graduate,No,10280,0.0,243.5,360.0,1.0,Urban,Y
LP001328,Female,Yes,2,Not Graduate,No,5374,0.0,92.1,360.0,1.0,Semiurban,Y
LP001329,Male,Yes,0,Graduate,,2752,1104.0,85.6,360.0,1.0,Urban,Y
LP001330,Female,Yes,0,Graduate,Yes,4075,457.0,148.8,360.0,1.0,Urban,Y
LP001331,Male,No,0,Graduate,No,1783,0.0,182.8,120.0,1.0,Semiurban,Y
LP001332,Male,Yes,1,Not Graduate,Yes,3535,0.0,121.4,360.0,,Urban,Y
LP001333,Male,No,,Graduate,No,2898,0.0,67.8,360.0,0.0,Urban,N
LP001335,Male,No,0,Graduate,No,2198,0.0,138.1,360.0,1.0,Urban,Y
LP001336,Male,Yes,0,Graduate,No,4982,6750.0,471.0,360.0,0.0,Urban,N
LP001337,Male,Yes,2,Graduate,No,20741,3867.0,175.9,360.0,1.0,Semiurban,Y
LP001338,Male,No,0,Graduate,No,11299,0.0,54.0,360.0,1.0,Urban,Y
LP001340,Male,No,1,Graduate,No,3652,0.0,78.7,360.0,1.0,Urban,Y
LP001341,Female,No,3+,Graduate,No,6799,0.0,136.9,180.0,1.0,Semiurban,Y
LP001343,Male,No,0,Graduate,No,6706,0.0,173.7,360.0,1.0,Urban,Y
LP001344,Female,Yes,2,Graduate,No,2512,1222.0,90.1,360.0,1.0,Urban,Y
LP001345,Male,Yes,0,Graduate,No,5816,0.0,410.4,360.0,1.0,Semiurban,Y
LP001347,Male,No,0,Graduate,No,1500,0.0,173.3,360.0,1.0,Rural,Y
LP001349,Male,Yes,1,Not Graduate,No,2267,536.0,155.4,180.0,1.0,Rural,Y
LP001350,Male,Yes,0,Graduate,No,4470,0.0,253.7,360.0,1.0,Urban,Y
LP001351,Female,Yes,0,Graduate,Yes,2923,1997.0,148.4,180.0,1.0,Urban,Y
LP001352,Male,Yes,0,Graduate,No,11988,2537.0,46.0,360.0,1.0,Semiurban,Y
LP001353,Male,No,0,Graduate,No,5832,0.0,105.7,360.0,1.0,Urban,Y
LP001354,Male,Yes,1,Graduate,No,2985,3953.0,92.9,,0.0,Urban,N
LP001355,Male,Yes,0,Graduate,No,2818,6189.0,109.0,360.0,1.0,Urban,Y
LP001356,,No,2,Graduate,No,4322,0.0,138.4,360.0,0.0,Urban,N
LP001357,Male,No,2,Graduate,Yes,1927,0.0,188.1,360.0,1.0,Urban,Y
LP001359,Male,No,2,Graduate,No,5637,0.0,86.5,360.0,1.0,Semiurban,Y
LP001360,Male,No,0,Graduate,Yes,1565,0.0,86.9,360.0,1.0,Semiurban,Y
LP001361,Female,Yes,0,Graduate,No,5738,0.0,125.1,360.0,0.0,Rural,N
LP001362,Male,Yes,3+,Not Graduate,No,3439,1295.0,176.8,360.0,1.0,Urban,Y
LP001363,Male,No,1,Graduate,No,5011,0.0,174.5,360.0,1.0,Urban,Y
LP001364,Male,Yes,0,Graduate,No,1981,1092.0,179.1,360.0,0.0,Rural,N
LP001365,Male,Yes,0,Graduate,No,4488,0.0,234.6,360.0,1.0,Rural,Y
LP001366,Male,No,0,Graduate,,18361,0.0,,360.0,1.0,Semiurban,Y
LP001367,Male,No,3+,Graduate,No,2843,0.0,236.0,300.0,1.0,Rural,Y
LP001368,Male,Yes,0,Not Graduate,No,4704,887.0,155.6,360.0,1.0,Urban,Y
LP001370,Male,No,1,Graduate,No,10184,0.0,141.7,,1.0,Rural,Y
LP001371,Male,Yes,1,Graduate,No,6279,0.0,338.6,180.0,1.0,Rural,Y
LP001372,Female,Yes,0,Graduate,No,5068,1899.0,110.1,300.0,1.0,Urban,Y
LP001373,Male,Yes,3+,Not Graduate,No,1980,2966.0,86.8,360.0,1.0,Semiurban,Y
LP001374,Female,Yes,2,Graduate,No,1668,915.0,283.3,360.0,1.0,Rural,Y
LP001375,Male,Yes,3+,Graduate,Yes,3962,700.0,127.3,360.0,1.0,Semiurban,Y
LP001376,Male,Yes,0,Graduate,No,2832,0.0,234.1,360.0,1.0,Semiurban,Y
LP001377,Male,Yes,0,Graduate,No,3780,2276.0,161.0,360.0,1.0,Semiurban,Y
LP001378,Male,Yes,0,Graduate,No,4375,687.0,51.5,240.0,1.0,Urban,Y
LP001379,Male,Yes,2,Not Graduate,No,2465,2220.0,151.3,60.0,1.0,Rural,Y
LP001380,Male,No,1,Graduate,Yes,5277,0.0,181.5,360.0,1.0,Semiurban,Y
LP001382,Female,Yes,0,Graduate,Yes,12811,0.0,125.4,180.0,1.0,Urban,Y
LP001383,Female,Yes,0,Graduate,No,1986,1229.0,181.3,360.0,1.0,Semiurban,Y
LP001385,Male,Yes,0,Graduate,No,2820,1754.0,245.1,360.0,0.0,Semiurban,N
LP001386,Male,Yes,1,Graduate,No,3706,4371.0,284.3,360.0,1.0,Urban,Y
LP001387,Male,Yes,3+,Not Graduate,No,8032,934.0,198.3,360.0,1.0,Urban,Y
LP001388,Male,No,1,Not Graduate,No,1770,0.0,83.3,360.0,1.0,Urban,Y
LP001389,Male,Yes,3+,Graduate,No,1915,0.0,139.2,360.0,1.0,Urban,N
LP001390,Male,No,3+,Not Graduate,No,937,0.0,89.3,300.0,1.0,Semiurban,Y
LP001392,Male,No,1,Graduate,No,2874,0.0,102.1,120.0,1.0,Semiurban,Y
LP001393,,No,0,Graduate,No,5955,0.0,101.3,360.0,1.0,Urban,Y
LP001394,Male,No,0,Graduate,No,7649,0.0,126.7,360.0,1.0,Urban,Y
LP001395,Female,No,2,Not Graduate,Yes,4827,0.0,146.6,360.0,1.0,Urban,Y
LP001396,Male,No,0,Not Graduate,No,2589,0.0,393.3,360.0,1.0,Semiurban,N
LP001397,Male,Yes,0,Graduate,No,6058,1349.0,148.6,180.0,1.0,Urban,Y
LP001398,Female,Yes,0,Graduate,No,4371,1362.0,335.2,360.0,1.0,Urban,Y
LP001399,Male,Yes,2,Graduate,No,1098,2768.0,129.4,360.0,1.0,Urban,Y
LP001400,,,0,Graduate,No,1722,0.0,195.8,360.0,1.0,Urban,Y
LP001401,Male,Yes,1,Graduate,No,10226,1614.0,107.9,240.0,1.0,Rural,Y
LP001402,Male,No,1,Graduate,No,4719,0.0,132.8,12.0,1.0,Urban,Y
LP001403,Male,No,0,Graduate,No,1566,0.0,89.1,360.0,0.0,Rural,N
LP001404,Male,Yes,0,Not Graduate,No,6522,0.0,188.1,300.0,1.0,Urban,Y
LP001405,Male,Yes,1,Graduate,No,7630,779.0,86.2,360.0,0.0,Urban,N
LP001406,Female,Yes,3+,Graduate,No,2884,3877.0,111.3,84.0,0.0,Rural,N
LP001407,Male,No,1,Graduate,No,5869,0.0,146.5,360.0,1.0,Semiurban,Y
LP001408,Male,Yes,1,Not Graduate,No,336,1251.0,164.1,360.0,1.0,Urban,Y
LP001409,,No,0,Graduate,No,7207,0.0,,300.0,,Semiurban,Y
LP001410,Female,No,3+,Graduate,No,8216,0.0,101.4,360.0,1.0,Urban,Y
LP001411,Male,Yes,0,Graduate,,1842,984.0,63.4,360.0,1.0,Rural,Y
LP001412,Female,No,2,Not Graduate,No,4597,0.0,39.3,120.0,1.0,Rural,Y
LP001413,Female,Yes,0,Graduate,No,3072,0.0,81.2,360.0,1.0,Urban,Y
LP001414,Male,Yes,0,Graduate,No,3580,0.0,92.0,360.0,1.0,Rural,Y
LP001415,Male,No,0,Graduate,No,2903,0.0,90.3,360.0,1.0,Rural,Y
LP001416,Male,No,0,Graduate,No,1610,0.0,,360.0,1.0,Semiurban,Y
LP001417,Male,Yes,2,Graduate,No,13078,0.0,166.4,360.0,0.0,Semiurban,N
LP001418,Male,No,1,Graduate,No,3128,0.0,112.7,360.0,1.0,Semiurban,Y
LP001419,Male,Yes,0,Not Graduate,Yes,4097,558.0,121.2,360.0,1.0,Urban,Y
LP001420,Male,Yes,0,Not Graduate,No,1986,2280.0,85.9,360.0,,Semiurban,Y
LP001421,Male,No,3+,Graduate,No,1950,0.0,309.5,360.0,,Semiurban,Y
LP001422,Male,No,3+,Graduate,No,5004,0.0,112.6,360.0,1.0,Semiurban,Y
LP001423,Female,Yes,0,Graduate,Yes,5389,0.0,37.5,360.0,1.0,Rural,Y
LP001424,Male,Yes,0,Graduate,No,6772,0.0,86.3,360.0,0.0,Rural,N
LP001425,Male,Yes,0,Not Graduate,No,7843,764.0,64.5,60.0,1.0,Rural,Y
LP001426,Male,Yes,3+,Graduate,Yes,3338,1052.0,62.0,360.0,0.0,Rural,N
LP001427,Male,,3+,Not Graduate,No,2867,0.0,166.5,360.0,1.0,Urban,N
LP001428,Male,No,1,Graduate,No,6219,0.0,460.5,360.0,,Semiurban,Y
LP001429,Male,Yes,,Graduate,No,2529,301.0,68.7,360.0,0.0,Semiurban,N
LP001430,Male,Yes,0,Not Graduate,No,6745,3494.0,104.4,240.0,0.0,Semiurban,Y
LP001432,Female,Yes,2,Graduate,No,4882,4380.0,86.0,360.0,1.0,Urban,Y
LP001433,Male,Yes,0,Graduate,No,8109,1299.0,41.4,,1.0,Semiurban,Y
LP001434,Male,Yes,0,Graduate,No,5918,4476.0,239.0,360.0,1.0,Urban,Y
LP001435,Male,Yes,0,Graduate,No,1928,0.0,78.7,360.0,1.0,Urban,Y
LP001437,Female,Yes,0,Not Graduate,No,2180,748.0,195.4,360.0,1.0,Semiurban,Y
LP001438,Male,No,0,Graduate,No,6161,0.0,262.3,360.0,1.0,Semiurban,Y
LP001439,Male,No,0,Graduate,No,13221,0.0,122.3,180.0,1.0,Urban,Y
LP001440,Male,No,3+,Graduate,No,1619,0.0,74.5,240.0,1.0,Semiurban,Y
LP001442,Male,No,1,Graduate,No,3885,0.0,30.2,360.0,1.0,Semiurban,Y
LP001443,Male,No,0,Graduate,,4596,0.0,,360.0,1.0,Urban,Y
LP001444,Male,No,0,Not Graduate,No,1419,0.0,405.9,360.0,1.0,Urban,Y
LP001445,Male,Yes,0,Not Graduate,No,5222,1790.0,102.6,12.0,,Semiurban,Y
LP001447,Male,No,0,Not Graduate,No,3602,0.0,166.8,240.0,1.0,Rural,Y
LP001448,Male,Yes,2,Graduate,No,979,5801.0,106.1,360.0,1.0,Semiurban,Y
LP001449,Male,Yes,3+,Graduate,No,10983,1202.0,94.5,360.0,1.0,Urban,Y
LP001450,Male,Yes,0,Graduate,No,2184,1550.0,294.2,360.0,1.0,Rural,Y
LP001451,Male,Yes,1,Graduate,No,1662,0.0,142.7,360.0,1.0,Semiurban,Y
LP001452,Male,Yes,3+,Graduate,No,5029,626.0,131.3,360.0,1.0,Urban,Y
LP001453,Female,Yes,2,Graduate,Yes,5499,1535.0,139.5,360.0,0.0,Semiurban,Y
LP001455,Male,No,1,Graduate,No,6177,0.0,139.2,120.0,1.0,Urban,Y
LP001457,Female,No,0,Not Graduate,Yes,2978,0.0,55.4,360.0,1.0,Semiurban,Y
LP001458,Male,Yes,0,Not Graduate,No,3800,436.0,119.1,360.0,1.0,Urban,Y
LP001460,Male,Yes,3+,Graduate,No,2380,0.0,324.1,,1.0,Semiurban,N
LP001461,Female,Yes,,Graduate,No,1633,0.0,,360.0,1.0,Semiurban,Y
LP001462,Male,Yes,2,Not Graduate,No,7718,0.0,96.7,120.0,1.0,Urban,Y
LP001463,Male,No,1,Graduate,No,3580,0.0,144.4,,0.0,Urban,N
LP001464,Male,No,0,Graduate,No,3399,0.0,254.2,300.0,1.0,Semiurban,Y
LP001466,Female,No,0,Graduate,No,1043,0.0,155.4,360.0,1.0,Rural,Y
LP001467,Female,Yes,0,Not Graduate,No,3408,1697.0,489.3,360.0,,Urban,Y
LP001468,Male,No,1,Graduate,No,2213,0.0,155.6,300.0,1.0,Semiurban,Y
LP001469,Male,Yes,0,Graduate,No,3416,2169.0,148.3,360.0,1.0,Urban,Y
LP001470,Male,Yes,0,Graduate,No,3319,1292.0,73.5,360.0,,Semiurban,Y
LP001471,Male,Yes,2,Graduate,No,2863,0.0,53.7,120.0,1.0,Rural,Y
LP001472,Male,Yes,,Graduate,Yes,7046,0.0,224.9,360.0,0.0,Urban,N
LP001473,Male,Yes,3+,Graduate,No,5118,1581.0,105.7,180.0,1.0,Semiurban,Y
LP001474,Male,No,0,Not Graduate,No,7963,0.0,86.9,360.0,1.0,Rural,Y
LP001475,Male,Yes,0,Graduate,No,1617,2423.0,175.7,360.0,0.0,Urban,N
LP001477,Male,No,0,Graduate,No,2510,0.0,94.1,360.0,0.0,Urban,N
LP001478,Male,Yes,0,Not Graduate,No,3728,1245.0,,360.0,1.0,Rural,Y
LP001479,Male,No,2,Not Graduate,No,2938,0.0,148.1,360.0,0.0,Semiurban,N
LP001480,Male,No,0,Not Graduate,No,3635,0.0,93.6,360.0,1.0,Semiurban,Y
LP001481,Male,Yes,0,Graduate,No,1775,5464.0,149.4,120.0,1.0,Rural,Y
LP001482,Female,Yes,1,Graduate,Yes,2403,1944.0,59.6,360.0,1.0,Semiurban,Y
LP001483,Male,Yes,0,Graduate,No,1316,3869.0,164.5,360.0,1.0,Semiurban,Y
LP001484,Female,Yes,0,Graduate,No,2146,0.0,99.3,360.0,,Semiurban,Y
LP001485,Male,Yes,2,Not Graduate,No,6010,2457.0,127.8,360.0,1.0,Semiurban,Y
LP001486,Male,Yes,3+,Graduate,No,3330,5848.0,250.6,180.0,1.0,Semiurban,Y
LP001487,Male,Yes,0,Graduate,No,10185,1582.0,132.5,360.0,1.0,Urban,Y
LP001488,Male,No,1,Graduate,No,2599,0.0,92.1,360.0,1.0,Urban,Y
LP001489,Female,Yes,2,Graduate,No,4135,4839.0,219.8,180.0,1.0,Rural,Y
LP001490,Male,Yes,0,Graduate,No,1739,2697.0,127.2,360.0,0.0,Urban,N
LP001491,Male,No,0,Not Graduate,No,20752,0.0,246.6,360.0,1.0,Semiurban,Y
LP001492,Male,No,1,Graduate,Yes,3408,0.0,87.8,360.0,1.0,Rural,Y
LP001494,Male,Yes,1,Graduate,No,6563,1362.0,111.3,300.0,1.0,Urban,Y
LP001495,Male,Yes,2,Graduate,No,5007,0.0,77.4,360.0,1.0,Semiurban,Y
LP001496,Male,No,0,Not Graduate,No,2618,0.0,64.7,360.0,1.0,Urban,Y
LP001497,Male,No,3+,Graduate,No,1611,0.0,142.1,360.0,1.0,Urban,Y
LP001498,Male,Yes,0,Not Graduate,No,4236,1671.0,93.6,360.0,1.0,Rural,Y
LP001499,Male,Yes,0,Graduate,No,2665,0.0,88.0,36.0,1.0,Rural,N
LP001500,Male,Yes,0,Not Graduate,No,3459,245.0,140.1,360.0,1.0,Urban,N
LP001501,Male,Yes,1,Graduate,Yes,5845,4711.0,74.3,360.0,1.0,Semiurban,Y
LP001502,Male,No,0,Graduate,No,4027,0.0,124.8,360.0,1.0,Urban,Y
LP001503,Female,No,3+,Graduate,No,4890,0.0,98.7,360.0,1.0,Rural,Y
LP001504,Female,No,0,Graduate,Yes,4219,0.0,345.3,360.0,1.0,Rural,Y
LP001505,Male,Yes,0,Graduate,No,1474,0.0,83.7,360.0,1.0,Urban,Y
LP001506,Male,Yes,2,Graduate,No,9484,0.0,63.4,360.0,1.0,Semiurban,Y
LP001507,Female,Yes,0,Graduate,No,8219,815.0,97.2,180.0,1.0,Rural,Y
LP001509,Male,Yes,1,Graduate,No,1828,0.0,141.5,84.0,1.0,Urban,Y
LP001510,Male,No,2,Graduate,Yes,5315,0.0,81.8,360.0,1.0,Rural,Y
LP001511,Male,No,1,Not Graduate,No,2489,0.0,97.1,360.0,1.0,Semiurban,Y
LP001512,Male,Yes,0,Graduate,Yes,2355,0.0,66.3,360.0,1.0,Semiurban,Y
LP001513,Male,No,0,Graduate,No,3815,0.0,83.2,84.0,1.0,Semiurban,Y
LP001514,Female,Yes,1,Graduate,No,11920,0.0,156.0,360.0,1.0,Rural,Y
LP001515,Male,No,2,Not Graduate,Yes,7613,0.0,208.5,300.0,1.0,Semiurban,Y
LP001516,Male,Yes,0,Not Graduate,No,5672,1270.0,160.8,60.0,1.0,Semiurban,Y
LP001517,Male,Yes,3+,Not Graduate,No,1811,1691.0,217.1,360.0,1.0,Semiurban,Y
LP001518,Male,No,0,Graduate,Yes,20138,0.0,124.9,180.0,1.0,Rural,Y
LP001519,Male,Yes,1,Graduate,No,6754,0.0,183.4,300.0,1.0,Urban,Y
LP001520,Female,Yes,2,Graduate,No,831,6208.0,161.5,180.0,0.0,Urban,N
LP001521,Female,Yes,0,Graduate,No,4962,2696.0,128.9,360.0,,Semiurban,Y
LP001522,Male,No,0,Graduate,No,2785,0.0,35.8,360.0,1.0,Semiurban,Y
LP001523,Male,No,3+,Graduate,No,4996,0.0,119.4,240.0,1.0,Semiurban,Y
LP001524,Male,No,0,Graduate,No,4966,0.0,212.5,360.0,1.0,Urban,Y
LP001525,Female,No,1,Graduate,No,2106,0.0,85.0,360.0,1.0,Urban,Y
LP001526,Male,Yes,0,Not Graduate,,12541,1226.0,341.5,360.0,1.0,Semiurban,Y
LP001527,Male,Yes,0,Graduate,No,4358,1236.0,202.0,360.0,1.0,Urban,Y
LP001528,Male,Yes,0,Graduate,No,7057,956.0,,360.0,,Semiurban,Y
LP001529,Male,Yes,1,Not Graduate,No,9213,761.0,331.8,180.0,1.0,Urban,Y
LP001530,Female,Yes,0,Graduate,No,2368,2639.0,42.8,360.0,1.0,Semiurban,Y
LP001531,Male,Yes,3+,Not Graduate,No,2116,1135.0,216.5,360.0,1.0,Urban,Y
LP001533,Male,No,2,Graduate,No,7936,0.0,148.6,360.0,0.0,Urban,N
LP001534,Male,Yes,0,Graduate,No,9464,1131.0,243.9,300.0,1.0,Semiurban,Y
LP001535,Female,Yes,0,Graduate,No,1563,596.0,218.9,360.0,1.0,Semiurban,Y
LP001536,Male,Yes,0,Graduate,No,14147,4266.0,96.2,360.0,0.0,Urban,Y
LP001537,Male,No,0,Not Graduate,,3284,0.0,77.3,360.0,1.0,Rural,Y
LP001538,Male,Yes,2,Graduate,No,6000,1958.0,76.9,360.0,1.0,Semiurban,Y
LP001539,Female,Yes,0,Graduate,No,5523,2486.0,142.6,300.0,1.0,Urban,Y
LP001540,Male,Yes,,Not Graduate,Yes,2035,6564.0,79.5,84.0,1.0,Semiurban,Y
LP001541,Female,No,0,Not Graduate,No,2182,0.0,,,1.0,Urban,Y
LP001542,Female,Yes,0,Graduate,No,987,0.0,,360.0,1.0,Semiurban,Y
LP001543,Male,No,0,Graduate,No,1811,0.0,154.9,36.0,1.0,Semiurban,Y
LP001544,Male,No,3+,Graduate,No,1460,0.0,85.2,360.0,1.0,Rural,Y
LP001545,Male,No,0,Graduate,No,3928,0.0,227.2,360.0,,Urban,Y
LP001546,Male,Yes,1,Not Graduate,No,9321,0.0,86.1,360.0,1.0,Urban,Y
LP001547,Male,Yes,0,Graduate,No,3760,2662.0,269.0,360.0,,Rural,Y
LP001548,,No,0,Graduate,No,4770,0.0,75.8,36.0,1.0,Semiurban,Y
LP001549,Male,Yes,2,Graduate,No,6346,813.0,117.2,360.0,1.0,Semiurban,Y
LP001550,Male,Yes,0,Graduate,,5953,4860.0,137.6,120.0,1.0,Semiurban,Y
LP001551,Male,Yes,0,Graduate,No,2978,5097.0,78.2,360.0,1.0,Semiurban,Y
LP001552,Male,Yes,1,Not Graduate,,1478,0.0,88.3,360.0,1.0,Semiurban,Y
LP001553,Male,Yes,1,Graduate,No,2894,763.0,148.5,12.0,1.0,Urban,Y
LP001554,Male,Yes,,Not Graduate,No,3987,4282.0,101.8,84.0,1.0,Semiurban,Y
LP001555,Male,Yes,3+,Graduate,No,2172,1744.0,96.5,360.0,1.0,Urban,Y
LP001556,Female,Yes,0,Graduate,Yes,4842,641.0,104.5,360.0,1.0,Semiurban,Y
LP001557,,Yes,0,Not Graduate,No,3164,2685.0,143.6,360.0,1.0,Semiurban,Y
LP001558,Male,Yes,0,Graduate,No,5734,3340.0,83.5,360.0,1.0,Rural,Y
LP001559,Female,Yes,0,Graduate,No,2270,0.0,314.7,360.0,1.0,Rural,Y
LP001561,Female,Yes,0,Graduate,No,2102,1277.0,48.0,360.0,0.0,Urban,N
LP001562,Male,No,0,Graduate,No,12126,0.0,133.0,360.0,1.0,Semiurban,Y
LP001563,Male,No,0,Graduate,No,3899,0.0,120.4,360.0,1.0,Semiurban,Y
LP001564,Female,Yes,0,Not Graduate,No,5483,5517.0,107.9,360.0,0.0,Semiurban,N
LP001565,Female,Yes,2,Graduate,Yes,1874,0.0,62.0,360.0,1.0,Urban,Y
LP001566,Male,No,0,Not Graduate,No,2995,0.0,181.0,360.0,1.0,Semiurban,Y
LP001567,Male,Yes,3+,Graduate,No,5963,1329.0,53.7,360.0,1.0,Semiurban,Y
LP001568,Male,No,3+,Not Graduate,No,10589,0.0,171.9,360.0,1.0,Urban,N
LP001569,,No,0,Graduate,No,2390,0.0,123.4,360.0,0.0,Semiurban,N
LP001570,Male,No,0,Graduate,Yes,2271,0.0,97.9,60.0,1.0,Urban,Y
LP001571,Female,Yes,0,Graduate,Yes,3771,853.0,,360.0,1.0,Urban,Y
LP001572,Male,Yes,2,Graduate,No,1421,1007.0,88.9,360.0,1.0,Semiurban,Y
LP001573,Male,Yes,0,Graduate,No,3753,0.0,37.5,360.0,1.0,Urban,Y
LP001574,Male,Yes,0,Not Graduate,Yes,3669,0.0,180.7,360.0,0.0,Rural,N
LP001575,Female,Yes,0,Graduate,No,6130,0.0,140.2,360.0,1.0,Rural,Y
LP001577,Male,Yes,1,Not Graduate,No,9599,1042.0,171.0,240.0,1.0,Semiurban,Y
LP001578,Male,No,3+,Graduate,No,5543,0.0,69.0,360.0,1.0,Rural,Y
LP001580,Male,Yes,0,Graduate,No,6198,343.0,95.0,36.0,1.0,Urban,Y
LP001581,Male,Yes,0,Graduate,Yes,3959,0.0,178.6,360.0,1.0,Rural,Y
LP001582,Male,Yes,0,Graduate,No,3029,1613.0,147.5,36.0,1.0,Rural,Y
LP001583,Male,No,,Graduate,No,1045,0.0,233.5,360.0,1.0,Semiurban,N
LP001585,Male,No,0,Graduate,No,2151,0.0,163.2,360.0,1.0,Urban,Y
LP001586,Male,Yes,0,Graduate,No,4408,1034.0,155.8,360.0,,Urban,N
LP001588,Male,No,2,Graduate,No,1313,0.0,140.3,360.0,1.0,Rural,Y
LP001589,Male,Yes,0,Graduate,No,4482,0.0,274.6,84.0,1.0,Urban,Y
LP001590,Male,No,0,Graduate,No,2949,0.0,101.1,360.0,0.0,Semiurban,N
LP001591,Male,Yes,3+,Graduate,No,1970,0.0,92.6,360.0,1.0,Semiurban,Y
LP001592,Male,No,1,Graduate,No,2819,0.0,131.2,360.0,,Semiurban,Y
LP001593,Male,Yes,0,Graduate,No,6146,2973.0,127.8,360.0,1.0,Rural,Y
LP001594,Male,No,2,Not Graduate,No,6806,0.0,114.5,360.0,,Rural,N
LP001595,Male,No,0,Graduate,No,1086,0.0,207.7,360.0,1.0,Semiurban,Y
LP001596,Male,No,0,Not Graduate,No,3473,0.0,160.0,,1.0,Rural,N
LP001597,Male,Yes,0,Graduate,No,6932,2095.0,99.8,360.0,0.0,Urban,N
LP001599,Female,Yes,0,Graduate,Yes,3236,906.0,408.9,84.0,1.0,Semiurban,Y
LP001600,Male,Yes,0,Not Graduate,No,4108,478.0,96.4,360.0,1.0,Semiurban,Y
LP001601,Female,Yes,0,Graduate,No,1448,1043.0,178.1,360.0,1.0,Semiurban,Y
LP001602,Male,Yes,0,Graduate,,2801,0.0,,360.0,1.0,Semiurban,Y
LP001603,Male,No,3+,Graduate,No,12565,0.0,97.9,360.0,1.0,Urban,Y
LP001605,Male,Yes,0,Graduate,No,2293,0.0,108.2,360.0,1.0,Rural,Y
LP001606,Male,Yes,0,Not Graduate,Yes,1500,3675.0,349.1,360.0,1.0,Urban,Y
LP001607,Male,Yes,2,Not Graduate,No,4218,1306.0,137.9,360.0,1.0,Urban,Y
LP001608,Female,Yes,2,Graduate,No,6390,1657.0,144.0,360.0,,Semiurban,Y
LP001609,Male,Yes,2,Not Graduate,Yes,8316,4118.0,60.8,360.0,1.0,Semiurban,Y
LP001610,Male,No,0,Graduate,No,2733,0.0,147.0,360.0,,Urban,Y
LP001612,Male,No,0,Graduate,No,4423,0.0,75.5,360.0,1.0,Rural,Y
LP001613,Male,Yes,0,Graduate,Yes,5452,288.0,91.1,360.0,1.0,Semiurban,Y
LP001614,Male,No,0,Graduate,No,5837,0.0,164.9,360.0,1.0,Urban,Y
LP001615,Female,Yes,0,Graduate,No,2682,1037.0,101.5,360.0,,Rural,Y
LP001617,Male,No,2,Graduate,Yes,11652,0.0,290.7,360.0,1.0,Rural,Y
LP001618,Male,Yes,0,Graduate,Yes,2448,885.0,258.5,360.0,1.0,Urban,Y
LP001619,Male,Yes,,Graduate,No,6063,0.0,143.8,360.0,1.0,Semiurban,Y
LP001620,Male,Yes,2,Graduate,No,3773,1894.0,135.4,360.0,1.0,Semiurban,Y
LP001621,Female,No,0,Graduate,Yes,2613,0.0,118.4,360.0,1.0,Rural,Y
LP001622,Male,Yes,0,Not Graduate,No,2520,0.0,154.7,360.0,0.0,Urban,N
LP001623,Male,No,1,Graduate,No,2614,0.0,167.2,180.0,1.0,Rural,Y
LP001624,Male,No,3+,Graduate,No,2862,0.0,113.9,360.0,1.0,Semiurban,Y
LP001625,Female,Yes,0,Not Graduate,No,1973,1452.0,70.3,180.0,1.0,Urban,Y
LP001626,Male,No,0,Graduate,No,6022,0.0,149.3,360.0,1.0,Semiurban,Y
LP001627,Male,Yes,0,Graduate,No,2422,1897.0,143.1,360.0,1.0,Urban,N
LP001628,Female,No,0,Graduate,No,2566,0.0,91.2,360.0,,Semiurban,N
LP001629,Male,No,1,Not Graduate,No,5258,0.0,126.6,360.0,0.0,Semiurban,N
LP001630,Male,Yes,2,Not Graduate,No,3568,1978.0,84.5,480.0,0.0,Semiurban,N
LP001631,Male,No,2,Graduate,No,1518,0.0,179.4,360.0,1.0,Rural,Y
LP001632,Male,Yes,0,Graduate,Yes,2083,0.0,141.6,360.0,1.0,Urban,Y
LP001634,Male,Yes,0,Not Graduate,No,3368,2406.0,143.7,360.0,0.0,Rural,N
LP001635,Male,Yes,0,Not Graduate,No,2633,570.0,191.3,360.0,1.0,Semiurban,Y
LP001636,Female,No,0,Graduate,No,6234,0.0,416.4,360.0,1.0,Semiurban,Y
LP001637,Female,Yes,0,Graduate,No,2328,0.0,133.1,360.0,0.0,Rural,N
LP001638,Female,Yes,0,Graduate,No,2041,1498.0,178.0,180.0,1.0,Semiurban,Y
LP001639,Female,Yes,0,Graduate,No,1984,0.0,231.8,360.0,1.0,Rural,Y
LP001640,Male,Yes,0,Graduate,No,4985,5151.0,124.0,360.0,1.0,Semiurban,Y
LP001641,Male,Yes,3+,Graduate,No,5240,1038.0,209.7,360.0,1.0,Rural,Y
LP001642,Male,Yes,0,Graduate,No,1290,828.0,253.4,360.0,1.0,Rural,Y
LP001643,Male,No,2,Graduate,No,5735,0.0,131.2,360.0,0.0,Rural,Y
LP001644,Male,No,0,Graduate,Yes,6698,0.0,587.7,360.0,1.0,Urban,Y
LP001645,Male,Yes,2,Graduate,No,1275,0.0,51.6,360.0,0.0,Rural,N
LP001647,Male,No,0,Graduate,No,2443,0.0,86.5,360.0,1.0,Urban,Y
LP001648,Male,No,0,Graduate,No,9689,0.0,70.3,360.0,1.0,Semiurban,Y
LP001649,Male,No,0,Not Graduate,No,7361,0.0,239.6,360.0,1.0,Semiurban,Y
LP001651,Female,Yes,2,Graduate,No,3889,0.0,151.0,360.0,,Urban,Y
LP001653,Female,Yes,3+,Graduate,Yes,5301,914.0,87.6,360.0,0.0,Semiurban,Y
LP001655,Female,Yes,0,Graduate,No,15105,3232.0,199.0,360.0,1.0,Urban,Y
LP001656,Male,Yes,,Graduate,No,5307,3330.0,111.7,,1.0,Semiurban,Y
LP001657,Male,No,2,Graduate,No,1731,0.0,525.3,360.0,0.0,Rural,N
LP001658,Male,No,0,Graduate,No,9294,0.0,99.8,360.0,1.0,Urban,Y
LP001659,Female,Yes,3+,Graduate,No,2173,4538.0,232.1,300.0,1.0,Urban,Y
LP001660,Male,Yes,0,Graduate,No,7302,2070.0,76.4,360.0,1.0,Semiurban,Y
LP001661,Male,No,0,Graduate,No,5863,0.0,173.4,180.0,1.0,Urban,Y
LP001662,Male,No,0,Graduate,No,6823,0.0,102.7,300.0,1.0,Semiurban,Y
LP001663,Female,No,1,Not Graduate,,10421,0.0,65.4,360.0,1.0,Urban,Y
LP001664,Male,No,0,Graduate,No,1476,0.0,44.0,360.0,1.0,Semiurban,Y
LP001665,Male,Yes,0,Graduate,No,3658,3682.0,112.0,360.0,0.0,Urban,N
LP001666,Male,Yes,1,Graduate,No,13560,0.0,219.3,360.0,0.0,Urban,N
LP001667,Male,Yes,2,Graduate,No,7220,201.0,133.1,360.0,0.0,Urban,N
LP001668,Male,Yes,0,Graduate,No,4294,913.0,61.5,360.0,1.0,Urban,Y
LP001669,Male,Yes,2,Graduate,No,1968,2963.0,275.2,360.0,0.0,Semiurban,N
LP001671,Male,Yes,1,Graduate,Yes,4102,1531.0,163.2,360.0,1.0,Rural,Y
LP001672,,No,0,Graduate,No,2115,0.0,197.3,360.0,1.0,Urban,Y
LP001673,Female,No,1,Not Graduate,No,1473,0.0,165.2,360.0,1.0,Semiurban,Y
LP001674,Female,Yes,0,Graduate,No,5567,1628.0,,360.0,1.0,Semiurban,Y
LP001675,Female,Yes,1,Not Graduate,No,3993,0.0,143.4,60.0,0.0,Rural,N
LP001676,Male,Yes,0,Graduate,No,2315,6402.0,85.3,360.0,1.0,Urban,Y
LP001677,Female,No,2,Not Graduate,Yes,4947,0.0,231.0,360.0,0.0,Semiurban,N
LP001678,Male,Yes,0,Graduate,,2758,0.0,41.0,360.0,,Semiurban,Y
LP001679,Male,No,1,Graduate,No,12169,0.0,151.8,360.0,0.0,Semiurban,N
LP001680,Male,No,0,Graduate,,3752,0.0,106.6,,1.0,Rural,Y
